Loan_ID,Acc_ID,Dist_ID,LoanDate,Amount,Duration,Payments,Status,Purpose
L00005657,A00003354,59,7/5/1993,4980,12,415,A,car
L00006234,A00006061,1,7/11/1993,5148,12,429,C,car
L00006699,A00008330,1,7/28/1993,7656,24,319,A,car
L00006688,A00008268,1,8/3/1993,8616,24,359,C,car
L00006312,A00006453,1,9/6/1993,10944,36,304,C,car
L00006019,A00005033,1,9/13/1993,11400,12,950,A,car
L00006229,A00006040,1,9/15/1993,11736,24,489,A,car
L00005103,A00000666,64,9/24/1993,12540,12,1045,A,debt_consolidation
L00006539,A00007559,1,10/13/1993,12792,12,1066,C,car
L00005718,A00003637,1,11/4/1993,14028,12,1169,A,car
L00006064,A00005215,1,11/10/1993,14628,12,1219,A,car
L00005897,A00004476,1,11/22/1993,15192,24,633,A,car
L00005599,A00003064,18,12/1/1993,15420,12,1285,A,car
L00006852,A00009140,1,12/8/1993,16032,48,334,C,car
L00006377,A00006792,1,12/8/1993,17184,12,1432,A,debt_consolidation
L00006297,A00006363,1,12/9/1993,17508,12,1459,A,car
L00005463,A00002413,59,12/13/1993,17952,12,1496,C,car
L00006942,A00009513,1,12/16/1993,18324,12,1527,A,car
L00005740,A00003752,1,12/21/1993,18564,12,1547,A,debt_consolidation
L00007230,A00010954,1,12/23/1993,18720,60,312,C,car
L00007034,A00010001,1,1/5/1994,19044,36,529,C,car
L00005651,A00003329,59,1/5/1994,19248,12,1604,A,car
L00005429,A00002268,59,1/10/1994,20196,36,561,C,car
L00005922,A00004580,1,1/20/1994,20220,12,1685,A,car
L00006043,A00005126,1,1/21/1994,20352,48,424,C,debt_consolidation
L00006591,A00007819,1,1/31/1994,20832,48,434,C,car
L00006721,A00008475,1,2/6/1994,21072,24,878,A,car
L00005980,A00004825,1,2/7/1994,21396,12,1783,A,car
L00006600,A00007861,1,2/17/1994,21852,36,607,A,car
L00007121,A00010364,1,2/23/1994,21924,36,609,A,debt_consolidation
L00007072,A00010148,1,2/27/1994,22104,12,1842,C,debt_consolidation
L00005147,A00000938,64,3/1/1994,22260,60,371,C,debt_consolidation
L00006052,A00005164,1,3/8/1994,22356,36,621,C,car
L00005382,A00002134,59,3/11/1994,22932,36,637,C,car
L00006354,A00006688,1,3/15/1994,22968,36,638,C,car
L00005754,A00003834,1,3/16/1994,23052,12,1921,A,home_improvement
L00006878,A00009242,1,3/30/1994,23184,12,1932,A,debt_consolidation
L00005384,A00002142,59,3/31/1994,23328,12,1944,C,car
L00007139,A00010445,1,4/6/1994,23412,12,1951,C,debt_consolidation
L00005229,A00001329,64,4/7/1994,23520,12,1960,A,home_improvement
L00005723,A00003674,1,4/18/1994,23628,12,1969,A,debt_consolidation
L00007187,A00010711,1,5/2/1994,24180,60,403,C,car
L00005130,A00000813,64,5/9/1994,24312,12,2026,A,debt_consolidation
L00005479,A00002486,59,5/10/1994,24516,12,2043,A,home_improvement
L00005584,A00002986,18,5/11/1994,24792,24,1033,C,debt_consolidation
L00006407,A00006930,1,5/17/1994,25944,24,1081,A,home_improvement
L00006242,A00006097,1,5/20/1994,26208,36,728,C,debt_consolidation
L00005005,A00000176,1,5/21/1994,27456,12,2288,A,debt_consolidation
L00006578,A00007765,1,5/22/1994,27984,12,2332,A,debt_consolidation
L00006227,A00006030,1,5/26/1994,28248,24,1177,A,debt_consolidation
L00006865,A00009199,1,5/26/1994,29448,12,2454,B,debt_consolidation
L00006676,A00008159,1,5/26/1994,29784,24,1241,A,debt_consolidation
L00005620,A00003161,18,5/31/1994,30012,12,2501,C,home_improvement
L00005311,A00001766,64,6/1/1994,30060,60,501,C,debt_consolidation
L00006501,A00007418,1,6/3/1994,30276,12,2523,B,home_improvement
L00004961,A00000019,1,6/4/1994,30276,12,2523,B,debt_consolidation
L00006502,A00007424,1,6/4/1994,30276,12,2523,A,debt_consolidation
L00004962,A00000025,1,6/5/1994,30276,12,2523,A,debt_consolidation
L00007200,A00010799,1,6/6/1994,31140,60,519,C,debt_consolidation
L00006185,A00005774,1,6/7/1994,31176,24,1299,A,debt_consolidation
L00005576,A00002962,18,6/12/1994,31248,12,2604,A,debt_consolidation
L00007110,A00010345,1,6/14/1994,31260,12,2605,C,home_improvement
L00006970,A00009677,1,6/17/1994,31620,60,527,C,debt_consolidation
L00006546,A00007607,1,6/23/1994,31728,24,1322,A,home_improvement
L00006130,A00005541,1,6/25/1994,32640,48,680,C,debt_consolidation
L00006758,A00008742,1,6/29/1994,33144,12,2762,A,debt_consolidation
L00005932,A00004626,1,7/5/1994,33348,12,2779,A,debt_consolidation
L00006764,A00008776,1,7/5/1994,33984,48,708,C,debt_consolidation
L00006310,A00006440,1,7/8/1994,34572,12,2881,A,debt_consolidation
L00006643,A00008038,1,7/11/1994,35856,24,1494,C,debt_consolidation
L00005207,A00001244,64,7/11/1994,35904,48,748,C,home_improvement
L00007008,A00009897,1,7/16/1994,36168,12,3014,A,debt_consolidation
L00006682,A00008225,1,7/19/1994,36204,12,3017,D,home_improvement
L00006929,A00009472,1,7/23/1994,36396,12,3033,A,debt_consolidation
L00006306,A00006425,1,7/24/1994,36684,12,3057,A,debt_consolidation
L00007096,A00010257,1,7/28/1994,37812,12,3151,C,home_improvement
L00006362,A00006738,1,7/30/1994,37908,12,3159,A,debt_consolidation
L00005332,A00001869,64,7/30/1994,37944,36,1054,C,home_improvement
L00006820,A00009034,1,8/3/1994,38148,12,3179,A,debt_consolidation
L00006321,A00006505,1,8/4/1994,38496,12,3208,C,home_improvement
L00005358,A00002018,59,8/5/1994,38520,12,3210,A,debt_consolidation
L00005634,A00003229,59,8/7/1994,39024,12,3252,A,home_improvement
L00007294,A00011327,1,8/10/1994,39168,24,1632,C,debt_consolidation
L00006888,A00009265,1,8/11/1994,39576,12,3298,A,home_improvement
L00006887,A00009263,1,8/23/1994,39576,12,3298,A,debt_consolidation
L00005665,A00003390,1,8/25/1994,40632,12,3386,C,home_improvement
L00005582,A00002982,18,8/27/1994,41256,12,3438,C,debt_consolidation
L00005808,A00004099,1,8/27/1994,41856,48,872,C,debt_consolidation
L00006895,A00009307,1,9/2/1994,41904,12,3492,A,debt_consolidation
L00006535,A00007546,1,9/10/1994,41952,12,3496,A,home_improvement
L00005841,A00004268,1,9/11/1994,41988,12,3499,C,debt_consolidation
L00006553,A00007636,1,9/19/1994,42384,12,3532,C,home_improvement
L00005046,A00000349,70,9/26/1994,42816,12,3568,C,debt_consolidation
L00006727,A00008505,1,9/28/1994,42840,12,3570,A,debt_consolidation
L00006621,A00007957,1,9/28/1994,42900,12,3575,A,debt_consolidation
L00006315,A00006472,1,9/29/1994,43164,12,3597,A,debt_consolidation
L00005313,A00001776,64,9/30/1994,43200,24,1800,C,debt_consolidation
L00005693,A00003489,1,9/30/1994,44088,24,1837,A,debt_consolidation
L00007087,A00010215,1,10/2/1994,44304,24,1846,C,home_improvement
L00006144,A00005593,1,10/3/1994,44376,12,3698,A,debt_consolidation
L00006137,A00005574,1,10/12/1994,44628,12,3719,A,home_improvement
L00006923,A00009433,1,10/25/1994,44640,24,1860,C,debt_consolidation
L00005368,A00002073,59,10/28/1994,44640,24,1860,C,debt_consolidation
L00007264,A00011141,1,10/30/1994,44940,12,3745,A,debt_consolidation
L00005343,A00001906,64,11/2/1994,44952,24,1873,C,debt_consolidation
L00006805,A00008972,1,11/3/1994,45024,48,938,C,debt_consolidation
L00005237,A00001375,64,11/3/1994,45336,24,1889,A,debt_consolidation
L00006569,A00007721,1,11/4/1994,45456,12,3788,C,home_improvement
L00007172,A00010652,1,11/6/1994,45720,12,3810,C,debt_consolidation
L00007198,A00010788,1,11/6/1994,45768,12,3814,A,home_improvement
L00007199,A00010789,1,11/12/1994,45768,12,3814,A,home
L00006944,A00009548,1,11/19/1994,46176,48,962,C,home
L00005445,A00002322,59,12/4/1994,46320,24,1930,A,home
L00006456,A00007123,1,12/8/1994,47016,12,3918,A,home
L00006745,A00008625,1,12/11/1994,47304,24,1971,A,home_improvement
L00007242,A00011027,1,12/19/1994,48096,24,2004,C,debt_consolidation
L00005446,A00002334,59,12/20/1994,48312,24,2013,C,home_improvement
L00005131,A00000816,64,12/20/1994,48624,24,2026,A,home
L00006460,A00007133,1,12/21/1994,48672,36,1352,A,debt_consolidation
L00005586,A00002994,18,12/21/1994,48744,36,1354,C,debt_consolidation
L00006495,A00007274,1,12/21/1994,49044,12,4087,C,home_improvement
L00006650,A00008073,1,1/2/1995,49320,12,4110,B,debt_consolidation
L00006399,A00006902,1,1/3/1995,49320,36,1370,C,home_improvement
L00005452,A00002352,59,1/3/1995,49440,60,824,C,home
L00006464,A00007156,1,1/8/1995,49488,24,2062,C,home
L00006470,A00007181,1,1/8/1995,49872,12,4156,C,home
L00006819,A00009031,1,1/11/1995,50112,24,2088,C,home
L00005549,A00002824,25,1/14/1995,50460,60,841,C,home_improvement
L00005172,A00001083,64,1/16/1995,50976,36,1416,C,debt_consolidation
L00005856,A00004320,1,1/18/1995,51360,12,4280,B,home_improvement
L00005861,A00004337,1,1/30/1995,51408,24,2142,A,home
L00006577,A00007753,1,2/2/1995,51696,24,2154,A,debt_consolidation
L00006903,A00009337,1,2/5/1995,52128,24,2172,A,debt_consolidation
L00006855,A00009153,1,2/6/1995,52236,36,1451,C,home_improvement
L00005221,A00001284,64,2/8/1995,52512,12,4376,C,debt_consolidation
L00007284,A00011265,1,2/11/1995,52788,12,4399,A,home_improvement
L00005134,A00000825,64,2/12/1995,53076,12,4423,A,home
L00006037,A00005118,1,2/17/1995,53232,48,1109,C,home
L00005398,A00002187,59,2/23/1995,53472,12,4456,A,home
L00007305,A00011359,1,3/4/1995,54024,12,4502,A,home
L00007136,A00010436,1,3/4/1995,54396,36,1511,C,home_improvement
L00006509,A00007445,1,3/11/1995,55368,24,2307,A,debt_consolidation
L00005346,A00001928,64,3/15/1995,55632,24,2318,C,home_improvement
L00006659,A00008092,1,3/16/1995,56100,60,935,C,home
L00006044,A00005133,1,3/16/1995,57060,12,4755,C,home
L00007219,A00010905,1,3/19/1995,57120,48,1190,C,home
L00005338,A00001888,64,3/21/1995,57360,12,4780,B,home
L00006054,A00005180,1,3/27/1995,58764,12,4897,C,home
L00005977,A00004803,1,3/29/1995,59136,48,1232,C,home
L00006959,A00009633,1,4/1/1995,59448,24,2477,D,home
L00006956,A00009631,1,4/2/1995,59448,24,2477,C,home
L00006253,A00006148,1,4/5/1995,59760,24,2490,A,home
L00007138,A00010440,1,4/10/1995,60000,60,1000,C,home
L00006342,A00006609,1,4/11/1995,60156,36,1671,B,home
L00006223,A00005991,1,4/13/1995,61056,48,1272,A,home
L00005909,A00004550,1,4/15/1995,61320,60,1022,C,home
L00005388,A00002153,59,4/25/1995,61560,12,5130,A,home
L00006027,A00005066,1,4/28/1995,61656,24,2569,B,home
L00005750,A00003804,1,5/1/1995,63252,12,5271,A,home
L00006512,A00007454,1,5/8/1995,63312,48,1319,A,home
L00006474,A00007190,1,5/24/1995,63360,60,1056,C,home_improvement
L00005782,A00003953,1,5/29/1995,63576,12,5298,C,debt_consolidation
L00006437,A00007052,1,5/30/1995,63972,36,1777,D,home_improvement
L00005287,A00001638,64,5/30/1995,64224,24,2676,C,home
L00005923,A00004585,1,6/1/1995,64656,48,1347,C,debt_consolidation
L00006357,A00006706,1,6/6/1995,64860,60,1081,C,debt_consolidation
L00006202,A00005891,1,6/13/1995,65184,12,5432,A,home_improvement
L00005531,A00002753,29,6/13/1995,66432,24,2768,C,debt_consolidation
L00005892,A00004462,1,6/23/1995,66480,24,2770,B,home_improvement
L00005931,A00004618,1,6/24/1995,66696,24,2779,D,home
L00005930,A00004616,1,7/3/1995,66696,24,2779,C,home
L00005039,A00000314,70,7/9/1995,66840,24,2785,C,home
L00007286,A00011271,1,7/10/1995,67320,36,1870,C,home
L00005682,A00003455,1,7/25/1995,67464,12,5622,A,home
L00007201,A00010807,1,8/1/1995,67464,12,5622,A,home
L00006249,A00006138,1,8/5/1995,67608,24,2817,C,home
L00006753,A00008688,1,8/11/1995,67980,12,5665,A,home
L00006598,A00007857,1,8/18/1995,68112,12,5676,A,home
L00005638,A00003249,59,8/26/1995,68124,12,5677,A,home
L00006095,A00005358,1,8/29/1995,68340,60,1139,C,home
L00005352,A00001993,59,9/3/1995,68400,12,5700,B,home
L00005741,A00003754,1,9/9/1995,68544,24,2856,A,home
L00005681,A00003448,1,9/16/1995,68664,24,2861,C,home
L00007194,A00010762,1,9/22/1995,68832,36,1912,C,home
L00007249,A00011065,1,10/2/1995,69360,48,1445,A,home
L00006857,A00009159,1,10/8/1995,69600,48,1450,C,home
L00005526,A00002725,1,10/14/1995,69624,36,1934,C,home
L00006817,A00009024,1,10/20/1995,70656,48,1472,C,home
L00005212,A00001256,64,10/28/1995,71064,36,1974,A,home
L00006624,A00007965,1,10/29/1995,71460,12,5955,A,home
L00005385,A00002143,59,10/31/1995,71460,36,1985,C,home
L00005669,A00003403,1,10/31/1995,71820,36,1995,C,home
L00006824,A00009052,1,11/2/1995,71976,24,2999,D,home
L00006599,A00007859,1,11/4/1995,72120,12,6010,A,home
L00006303,A00006400,1,11/12/1995,72408,24,3017,B,home
L00005420,A00002247,59,11/18/1995,72504,24,3021,C,home
L00005125,A00000789,64,11/22/1995,73056,48,1522,C,home
L00006490,A00007262,1,11/22/1995,73260,60,1221,C,home
L00005880,A00004423,1,11/23/1995,73836,36,2051,A,home
L00005878,A00004415,1,11/28/1995,74040,12,6170,A,home
L00006461,A00007136,1,11/28/1995,74124,36,2059,C,home
L00006766,A00008784,1,12/4/1995,74352,24,3098,C,home
L00006729,A00008519,1,12/5/1995,74688,12,6224,A,home
L00006668,A00008129,1,12/11/1995,74736,36,2076,A,home
L00005214,A00001270,64,12/12/1995,74772,36,2077,C,home
L00005760,A00003862,1,12/12/1995,74916,36,2081,C,home
L00007097,A00010266,1,12/12/1995,75624,24,3151,B,home
L00005992,A00004863,1,12/16/1995,76080,12,6340,A,home
L00006790,A00008919,1,12/18/1995,76104,24,3171,C,home
L00005739,A00003747,1,12/25/1995,76380,12,6365,A,home
L00006960,A00009640,1,12/31/1995,76416,24,3184,A,home
L00006737,A00008564,1,1/1/1996,76680,24,3195,A,home
L00006316,A00006473,1,1/1/1996,76908,12,6409,B,home
L00005117,A00000718,64,1/3/1996,76944,12,6412,A,home
L00006322,A00006510,1,1/11/1996,76992,24,3208,C,home
L00005635,A00003230,59,1/12/1996,77184,36,2144,C,home
L00006574,A00007745,1,1/19/1996,77544,36,2154,C,home_improvement
L00006642,A00008027,1,2/3/1996,77640,12,6470,A,debt_consolidation
L00007051,A00010068,1,2/8/1996,77808,12,6484,A,home_improvement
L00005389,A00002165,59,2/10/1996,78600,24,3275,C,home
L00006113,A00005445,1,2/12/1996,78696,36,2186,C,debt_consolidation
L00006215,A00005944,1,2/13/1996,78720,48,1640,C,debt_consolidation
L00005285,A00001603,64,2/20/1996,78936,12,6578,A,home_improvement
L00006605,A00007890,1,2/21/1996,79344,48,1653,C,debt_consolidation
L00006077,A00005270,1,2/24/1996,79608,24,3317,A,home_improvement
L00005836,A00004259,1,2/29/1996,79632,24,3318,A,home
L00006059,A00005196,1,3/4/1996,79824,12,6652,A,home
L00006294,A00006353,1,3/10/1996,79920,60,1332,C,home
L00006678,A00008173,1,3/13/1996,80340,12,6695,A,home
L00004959,A00000002,1,3/21/1996,80952,24,3373,A,home
L00006499,A00007401,1,3/26/1996,80952,24,3373,A,home
L00005906,A00004533,1,4/10/1996,81144,36,2254,C,home
L00006868,A00009208,1,4/11/1996,82128,24,3422,C,home
L00005595,A00003050,18,4/15/1996,82896,12,6908,A,home
L00006150,A00005622,1,4/18/1996,83016,12,6918,A,home
L00006875,A00009235,1,4/21/1996,83280,48,1735,C,home
L00006922,A00009424,1,4/25/1996,83628,36,2323,C,home
L00005367,A00002064,59,4/29/1996,83628,36,2323,C,home
L00006613,A00007926,1,4/29/1996,84120,24,3505,A,home
L00005790,A00004033,1,4/29/1996,84288,48,1756,C,home
L00005061,A00000440,70,5/2/1996,84288,48,1756,C,home
L00005784,A00003967,1,5/6/1996,84600,36,2350,D,home
L00006283,A00006289,1,5/6/1996,85632,48,1784,C,home
L00006751,A00008680,1,5/14/1996,85716,36,2381,C,home
L00006726,A00008492,1,5/18/1996,85860,60,1431,C,home
L00006921,A00009422,1,5/24/1996,86184,12,7182,A,home
L00005893,A00004467,1,5/29/1996,86184,36,2394,C,home
L00005366,A00002062,59,5/30/1996,86184,12,7182,A,home
L00006876,A00009236,1,6/3/1996,86616,12,7218,A,home
L00007119,A00010361,1,6/6/1996,86880,12,7240,A,home
L00006210,A00005927,1,6/8/1996,87216,48,1817,B,home
L00005138,A00000854,64,6/13/1996,87216,48,1817,C,home
L00006279,A00006273,1,6/15/1996,87360,24,3640,A,home
L00006278,A00006265,1,6/29/1996,87360,24,3640,C,home
L00005933,A00004631,1,7/6/1996,87528,24,3647,C,home
L00005882,A00004427,1,7/11/1996,87816,12,7318,A,home
L00006687,A00008261,1,7/14/1996,87840,24,3660,A,home
L00006969,A00009673,1,7/15/1996,88200,36,2450,C,home
L00006763,A00008772,1,7/18/1996,88272,48,1839,C,home
L00004996,A00000132,1,7/18/1996,88440,12,7370,A,home
L00005585,A00002988,18,7/23/1996,88608,12,7384,C,home
L00007115,A00010351,1,7/25/1996,88704,48,1848,C,home
L00006696,A00008321,1,7/25/1996,89040,60,1484,C,home
L00007277,A00011231,1,7/27/1996,89280,12,7440,A,home
L00007013,A00009928,1,7/28/1996,89340,60,1489,C,home
L00005495,A00002580,46,7/31/1996,89340,60,1489,C,home
L00007263,A00011138,1,8/2/1996,89880,24,3745,A,home
L00005868,A00004361,1,8/2/1996,90156,12,7513,A,home
L00006088,A00005317,1,8/3/1996,90180,36,2505,C,home
L00005088,A00000544,64,8/4/1996,91152,24,3798,A,home
L00006520,A00007485,1,8/6/1996,91200,24,3800,A,home
L00005036,A00000309,70,8/6/1996,91248,48,1901,C,home
L00006596,A00007844,1,8/9/1996,91584,24,3816,A,home
L00005519,A00002694,1,8/11/1996,91632,12,7636,A,home
L00007046,A00010049,1,8/20/1996,91632,12,7636,A,home
L00005377,A00002116,59,8/22/1996,92400,12,7700,A,home
L00005413,A00002227,59,8/22/1996,92976,24,3874,A,home
L00006730,A00008523,1,8/24/1996,93036,12,7753,C,home
L00006644,A00008039,1,8/25/1996,93600,24,3900,A,home
L00005523,A00002705,1,8/28/1996,93888,36,2608,A,home
L00005525,A00002720,1,9/9/1996,93888,36,2608,C,home
L00005895,A00004473,1,9/11/1996,93960,60,1566,C,home
L00006562,A00007674,1,9/14/1996,94488,24,3937,C,home
L00005643,A00003273,59,9/16/1996,94512,12,7876,B,home
L00006356,A00006701,1,9/17/1996,95400,36,2650,A,home
L00005464,A00002419,59,9/19/1996,95808,12,7984,A,home
L00006995,A00009814,1,9/19/1996,96168,12,8014,A,home
L00005314,A00001787,64,9/22/1996,96396,12,8033,B,home
L00006421,A00006985,1,9/25/1996,96768,36,2688,C,home
L00005774,A00003916,1,9/25/1996,96984,36,2694,C,home
L00005953,A00004715,1,9/26/1996,97176,24,4049,C,home
L00005877,A00004414,1,9/26/1996,97224,24,4051,A,home
L00006612,A00007907,1,9/28/1996,97392,12,8116,A,home
L00006998,A00009833,1,10/2/1996,97632,12,8136,A,home
L00006677,A00008169,1,10/3/1996,97980,60,1633,C,home
L00005161,A00001012,64,10/4/1996,98184,24,4091,A,home
L00007253,A00011079,1,10/4/1996,98304,12,8192,A,home
L00006157,A00005650,1,10/10/1996,98592,24,4108,A,home
L00005999,A00004907,1,10/16/1996,98832,48,2059,C,home
L00006168,A00005698,1,10/20/1996,99216,36,2756,C,home
L00006665,A00008114,1,10/23/1996,99300,60,1655,C,home
L00005449,A00002343,59,10/24/1996,99336,24,4139,A,home
L00005208,A00001247,64,10/29/1996,99696,48,2077,D,home
L00006469,A00007180,1,10/29/1996,99744,24,4156,C,home
L00006913,A00009377,1,10/29/1996,99936,24,4164,C,home
L00005253,A00001447,64,10/31/1996,100080,48,2085,C,home
L00005862,A00004342,1,11/3/1996,100128,24,4172,C,home
L00006816,A00009017,1,11/6/1996,100224,48,2088,D,home
L00006346,A00006649,1,11/9/1996,100260,60,1671,C,home
L00005817,A00004127,1,11/11/1996,100800,24,4200,D,home
L00005044,A00000344,70,11/12/1996,100980,60,1683,C,home
L00005375,A00002106,59,11/15/1996,101520,12,8460,A,home
L00005110,A00000675,64,11/15/1996,102240,60,1704,C,home
L00004986,A00000097,1,11/15/1996,102876,12,8573,A,home
L00006169,A00005700,1,11/18/1996,103680,60,1728,D,home
L00006950,A00009591,1,11/19/1996,104712,24,4363,A,home
L00006949,A00009583,1,11/22/1996,104712,24,4363,A,home
L00005002,A00000173,1,11/25/1996,104808,12,8734,A,home
L00006320,A00006495,1,11/28/1996,104964,12,8747,C,home
L00005325,A00001843,64,11/28/1996,105804,36,2939,A,home
L00005799,A00004052,1,12/4/1996,106128,36,2948,C,home
L00005940,A00004660,1,12/5/1996,106944,24,4456,C,home
L00005779,A00003942,1,12/11/1996,107352,36,2982,C,home
L00005959,A00004727,1,12/12/1996,107640,24,4485,A,home
L00007259,A00011111,1,12/15/1996,108144,36,3004,A,home
L00005154,A00000993,64,12/21/1996,108720,60,1812,C,home
L00005015,A00000226,1,12/25/1996,109344,12,9112,C,home
L00006015,A00005001,1,12/27/1996,110112,24,4588,A,home
L00006309,A00006434,1,1/3/1997,110136,24,4589,A,home
L00006508,A00007437,1,1/4/1997,110736,48,2307,C,home
L00004968,A00000038,1,1/8/1997,110736,48,2307,C,home
L00005533,A00002762,29,1/21/1997,111384,24,4641,A,home
L00005034,A00000303,70,1/21/1997,112752,36,3132,C,home
L00007091,A00010243,1,1/24/1997,113436,36,3151,C,home
L00007213,A00010884,1,1/24/1997,113544,36,3154,C,home
L00006985,A00009731,1,1/29/1997,113796,36,3161,A,home
L00007233,A00010963,1,1/30/1997,115812,36,3217,C,home
L00007192,A00010738,1,1/31/1997,115992,36,3222,A,home
L00006984,A00009730,1,2/2/1997,116040,60,1934,C,home
L00006353,A00006686,1,2/2/1997,116496,24,4854,C,home
L00006934,A00009494,1,2/5/1997,116832,12,9736,A,home
L00005997,A00004894,1,2/8/1997,117024,24,4876,A,home
L00006076,A00005269,1,2/9/1997,117420,60,1957,C,home
L00007250,A00011069,1,2/9/1997,119136,48,2482,C,home
L00006919,A00009403,1,2/9/1997,120888,36,3358,A,home
L00007061,A00010105,1,2/10/1997,121896,24,5079,A,home
L00006866,A00009201,1,2/12/1997,122472,24,5103,C,home
L00005610,A00003112,18,2/20/1997,123216,48,2567,C,home
L00005260,A00001480,64,2/24/1997,123300,36,3425,C,home
L00007130,A00010411,1,2/25/1997,123408,24,5142,A,home
L00006190,A00005794,1,2/26/1997,123600,60,2060,C,home
L00005032,A00000290,70,2/28/1997,123696,48,2577,A,home
L00006386,A00006856,1,3/4/1997,124344,36,3454,C,home
L00006785,A00008899,1,3/4/1997,125340,60,2089,C,home
L00005245,A00001407,64,3/6/1997,125472,24,5228,C,home
L00005241,A00001389,64,3/7/1997,125472,24,5228,C,home
L00006996,A00009828,1,3/7/1997,126600,24,5275,A,home
L00006863,A00009188,1,3/7/1997,127080,60,2118,A,home
L00006355,A00006699,1,3/10/1997,127200,48,2650,C,home
L00006641,A00008026,1,3/13/1997,128268,36,3563,C,home
L00005206,A00001242,64,3/14/1997,128544,24,5356,C,home
L00006013,A00004995,1,3/15/1997,128988,36,3583,D,home
L00006075,A00005267,1,3/17/1997,129312,24,5388,D,home
L00007308,A00011362,1,3/17/1997,129408,24,5392,A,home
L00006544,A00007594,1,3/17/1997,130464,48,2718,C,home
L00005616,A00003143,18,3/18/1997,130896,24,5454,C,home
L00007220,A00010911,1,3/20/1997,131292,36,3647,A,home
L00007151,A00010493,1,3/20/1997,133800,24,5575,C,home
L00005773,A00003907,1,3/21/1997,133848,24,5577,C,home
L00006992,A00009790,1,3/28/1997,133968,48,2791,C,home
L00006694,A00008316,1,3/29/1997,134784,24,5616,A,home
L00005900,A00004503,1,3/29/1997,135360,48,2820,C,home
L00005501,A00002622,46,4/1/1997,136344,24,5681,C,home
L00007067,A00010134,1,4/1/1997,136368,24,5682,C,home
L00006358,A00006715,1,4/1/1997,137880,60,2298,D,home
L00005805,A00004081,1,4/2/1997,137904,24,5746,B,home
L00005415,A00002236,59,4/10/1997,139464,36,3874,D,home
L00006402,A00006922,1,4/13/1997,139488,24,5812,C,home
L00006965,A00009656,1,4/22/1997,139536,24,5814,A,home
L00006571,A00007733,1,4/26/1997,140064,24,5836,C,home
L00006645,A00008041,1,4/28/1997,140400,36,3900,A,home
L00007202,A00010812,1,4/28/1997,140688,48,2931,C,home
L00005683,A00003460,1,4/29/1997,140688,48,2931,C,home
L00006136,A00005572,1,4/30/1997,140880,60,2348,C,home
L00006216,A00005952,1,5/1/1997,141240,24,5885,A,home
L00005988,A00004851,1,5/2/1997,141648,24,5902,A,home
L00005301,A00001698,64,5/3/1997,141948,36,3943,C,home
L00005320,A00001819,64,5/3/1997,143676,36,3991,C,home
L00006004,A00004937,1,5/3/1997,143904,24,5996,A,home
L00006632,A00007990,1,5/4/1997,144960,48,3020,C,home
L00005656,A00003353,59,5/4/1997,146064,24,6086,C,home
L00005210,A00001252,64,5/6/1997,148140,36,4115,C,home
L00007246,A00011054,1,5/8/1997,148920,60,2482,C,home
L00005189,A00001166,64,5/9/1997,149040,48,3105,A,home
L00006103,A00005385,1,5/11/1997,149340,60,2489,C,home
L00006010,A00004969,1,5/18/1997,150180,60,2503,C,home
L00006313,A00006461,1,5/19/1997,150912,36,4192,C,home
L00005815,A00004116,1,5/22/1997,151200,36,4200,C,home
L00007137,A00010439,1,5/22/1997,151560,24,6315,A,home
L00006986,A00009750,1,5/28/1997,151728,48,3161,D,home
L00006486,A00007240,1,6/2/1997,152160,60,2536,C,home
L00007221,A00010915,1,6/3/1997,152460,60,2541,C,home
L00006607,A00007894,1,6/3/1997,153144,36,4254,C,home
L00006541,A00007565,1,6/4/1997,153504,48,3198,C,home
L00005765,A00003875,1,6/8/1997,153936,24,6414,C,home
L00007235,A00010973,1,6/9/1997,154416,48,3217,A,home
L00007189,A00010728,1,6/10/1997,154656,48,3222,C,home
L00006818,A00009030,1,6/10/1997,155616,48,3242,C,home
L00005591,A00003021,18,6/13/1997,155616,48,3242,C,home
L00006471,A00007184,1,6/13/1997,155640,24,6485,A,home
L00007279,A00011244,1,6/14/1997,155760,24,6490,C,home
L00006667,A00008127,1,6/15/1997,155880,24,6495,A,home
L00005124,A00000785,64,6/16/1997,156096,36,4336,C,home
L00005527,A00002728,1,6/17/1997,156420,60,2607,C,home
L00005453,A00002361,59,6/17/1997,156672,36,4352,A,home
L00006948,A00009560,1,6/18/1997,157068,36,4363,C,home
L00006104,A00005395,1,6/19/1997,158184,36,4394,C,home
L00005713,A00003629,1,6/19/1997,158760,60,2646,C,home
L00005804,A00004079,1,6/19/1997,158976,48,3312,C,home
L00005451,A00002350,59,6/24/1997,159744,48,3328,C,home
L00006633,A00007997,1,6/30/1997,160656,24,6694,C,home
L00005027,A00000276,1,7/1/1997,160920,36,4470,C,home
L00005706,A00003608,1,7/9/1997,161496,36,4486,C,home
L00005337,A00001886,64,7/10/1997,162468,36,4513,C,home
L00004990,A00000110,1,7/11/1997,162576,36,4516,C,home
L00005942,A00004681,1,7/16/1997,162624,48,3388,C,home
L00006856,A00009156,1,7/16/1997,163332,36,4537,C,home
L00005269,A00001527,64,7/21/1997,164052,36,4557,B,home
L00005850,A00004293,1,7/25/1997,164196,36,4561,C,home
L00006871,A00009225,1,7/28/1997,164256,48,3422,C,home
L00005482,A00002496,59,7/29/1997,165120,60,2752,C,home
L00006014,A00004999,1,7/30/1997,165168,36,4588,C,home
L00005265,A00001498,64,7/31/1997,165780,60,2763,C,home
L00004973,A00000067,1,8/4/1997,165960,24,6915,A,home
L00005316,A00001801,64,8/4/1997,165960,36,4610,A,home
L00007055,A00010079,1,8/9/1997,167100,60,2785,C,home
L00005956,A00004725,1,8/10/1997,168264,36,4674,C,home
L00007241,A00011021,1,8/10/1997,168984,24,7041,B,home
L00005390,A00002167,59,8/12/1997,170256,24,7094,A,home
L00006552,A00007632,1,8/15/1997,170448,48,3551,C,home
L00006755,A00008713,1,8/15/1997,170700,60,2845,C,home
L00006078,A00005283,1,8/15/1997,170832,48,3559,C,home
L00006841,A00009104,1,8/17/1997,172080,48,3585,A,home
L00005304,A00001718,64,8/20/1997,172272,24,7178,C,home
L00006734,A00008547,1,8/21/1997,173016,36,4806,C,home
L00006066,A00005228,1,8/22/1997,173808,24,7242,A,home
L00006732,A00008533,1,8/23/1997,174048,48,3626,C,home
L00006111,A00005428,1,8/24/1997,174744,24,7281,B,home
L00006112,A00005442,1,8/26/1997,174744,24,7281,B,home
L00005698,A00003556,1,8/26/1997,174840,60,2914,C,home
L00005699,A00003562,1,8/27/1997,174960,24,7290,C,home
L00006961,A00009645,1,8/28/1997,176148,36,4893,C,home
L00005360,A00002035,59,8/30/1997,176328,36,4898,C,home
L00006147,A00005602,1,8/30/1997,177504,48,3698,C,home
L00005624,A00003166,18,8/31/1997,177744,48,3703,D,home
L00006196,A00005837,1,9/1/1997,177804,36,4939,C,home
L00005140,A00000873,64,9/5/1997,178500,60,2975,C,home
L00006011,A00004981,1,9/6/1997,179328,48,3736,C,home
L00006302,A00006397,1,9/7/1997,181020,60,3017,C,home
L00005409,A00002218,59,9/7/1997,182040,60,3034,C,home
L00007262,A00011135,1,9/7/1997,182628,36,5073,A,home
L00005209,A00001250,64,9/8/1997,182640,48,3805,C,home
L00006207,A00005912,1,9/9/1997,184620,60,3077,C,home
L00005226,A00001318,64,9/12/1997,185544,36,5154,C,home
L00006746,A00008639,1,9/14/1997,185640,60,3094,C,home
L00005414,A00002228,59,9/15/1997,185952,48,3874,C,home
L00006793,A00008931,1,9/20/1997,186300,60,3105,C,home
L00006810,A00009006,1,9/21/1997,186384,48,3883,C,home
L00005136,A00000846,64,9/23/1997,187104,24,7796,A,home
L00005045,A00000347,70,9/24/1997,187224,24,7801,B,home
L00005158,A00001004,64,9/26/1997,188532,36,5237,C,home
L00006908,A00009353,1,9/28/1997,188616,24,7859,C,home
L00006933,A00009493,1,9/30/1997,188688,48,3931,C,home
L00005151,A00000960,64,10/1/1997,189060,60,3151,C,home
L00006836,A00009093,1,10/2/1997,189300,60,3155,C,home
L00006594,A00007824,1,10/4/1997,189696,24,7904,B,home
L00006589,A00007815,1,10/7/1997,189696,24,7904,A,home
L00005293,A00001656,64,10/8/1997,189792,48,3954,C,home
L00005270,A00001528,64,10/11/1997,191088,48,3981,C,home
L00006872,A00009227,1,10/14/1997,191580,60,3193,C,home
L00006545,A00007606,1,10/14/1997,191880,60,3198,C,home
L00005176,A00001106,64,10/17/1997,192552,24,8023,B,home
L00005887,A00004448,1,10/19/1997,192744,36,5354,A,home
L00005886,A00004447,1,10/20/1997,192744,36,5354,C,home
L00006072,A00005256,1,10/21/1997,193968,36,5388,A,home
L00006442,A00007082,1,10/22/1997,194160,48,4045,C,home
L00005281,A00001580,64,10/23/1997,194256,24,8094,C,home
L00007129,A00010404,1,10/24/1997,194280,60,3238,C,home
L00006403,A00006924,1,11/1/1997,194880,48,4060,C,home
L00007036,A00010019,1,11/4/1997,194940,36,5415,C,home
L00006580,A00007769,1,11/4/1997,196080,48,4085,A,home
L00007171,A00010650,1,11/5/1997,196224,48,4088,C,home
L00005072,A00000472,64,11/9/1997,196800,24,8200,D,home
L00007226,A00010940,1,11/9/1997,197748,36,5493,A,home
L00007181,A00010679,1,11/12/1997,197808,24,8242,C,home
L00007166,A00010630,1,11/24/1997,198240,24,8260,A,home
L00005450,A00002345,59,11/26/1997,199680,60,3328,C,home
L00005470,A00002456,59,11/27/1997,200976,48,4187,C,home
L00005312,A00001772,64,11/28/1997,202788,36,5633,C,home
L00006097,A00005362,1,11/30/1997,202848,48,4226,C,home
L00006468,A00007176,1,11/30/1997,203940,60,3399,C,home
L00005160,A00001011,64,12/6/1997,204000,60,3400,C,home
L00005963,A00004746,1,12/6/1997,204780,60,3413,C,home
L00005351,A00001978,59,12/8/1997,205200,36,5700,A,home
L00005674,A00003418,1,12/8/1997,207264,48,4318,C,home
L00005126,A00000790,64,12/8/1997,208128,48,4336,B,home
L00006647,A00008051,1,12/9/1997,208320,48,4340,A,home
L00007168,A00010645,1,12/9/1997,208332,36,5787,C,home
L00005334,A00001876,64,12/10/1997,209040,24,8710,C,home
L00006120,A00005481,1,12/11/1997,209184,48,4358,A,home
L00005086,A00000525,64,12/11/1997,210384,48,4383,C,home
L00007035,A00010005,1,12/13/1997,210744,36,5854,C,home
L00006336,A00006555,1,12/20/1997,212400,36,5900,A,home
L00005823,A00004144,1,12/21/1997,212976,36,5916,C,home
L00005989,A00004852,1,12/24/1997,213300,36,5925,C,home
L00007255,A00011096,1,12/25/1997,213300,60,3555,C,home
L00005369,A00002080,59,12/25/1997,214596,36,5961,C,home
L00006861,A00009179,1,12/26/1997,215040,60,3584,C,home
L00007066,A00010131,1,12/27/1997,215388,36,5983,B,home
L00005128,A00000808,64,12/28/1997,215616,48,4492,D,home
L00007243,A00011042,1,12/28/1997,217152,36,6032,A,home
L00007037,A00010022,1,12/28/1997,218064,48,4543,C,home
L00005973,A00004784,1,12/28/1997,219456,48,4572,C,home
L00006660,A00008094,1,12/31/1997,220428,36,6123,C,home
L00006568,A00007713,1,1/2/1998,220440,60,3674,C,home
L00006715,A00008411,1,1/3/1998,220620,60,3677,C,home
L00005876,A00004413,1,1/3/1998,221280,48,4610,C,home
L00006142,A00005591,1,1/4/1998,221880,60,3698,C,home
L00005625,A00003189,59,1/6/1998,222180,60,3703,D,home
L00006686,A00008260,1,1/8/1998,224604,36,6239,A,home
L00006151,A00005628,1,1/11/1998,225420,60,3757,C,home
L00006932,A00009491,1,1/11/1998,225504,48,4698,C,home
L00006808,A00008982,1,1/12/1998,227880,36,6330,A,home
L00006940,A00009510,1,1/15/1998,228276,36,6341,C,home
L00006738,A00008566,1,1/17/1998,230220,36,6395,B,home
L00005428,A00002262,59,1/18/1998,230220,36,6395,C,home
L00005051,A00000378,70,1/19/1998,230400,60,3840,C,home
L00005520,A00002699,1,1/20/1998,231168,48,4816,C,home
L00007057,A00010093,1,1/21/1998,231696,36,6436,A,home
L00006178,A00005742,1,1/22/1998,232560,48,4845,C,home
L00006173,A00005724,1,1/23/1998,232560,48,4845,C,home
L00007049,A00010063,1,1/25/1998,233424,36,6484,C,home
L00006450,A00007099,1,1/26/1998,234336,48,4882,C,home
L00006675,A00008158,1,1/26/1998,238716,36,6631,C,home
L00007088,A00010233,1,1/27/1998,239160,60,3986,C,home
L00005319,A00001811,64,1/27/1998,239460,60,3991,C,home
L00006083,A00005305,1,1/29/1998,240528,48,5011,C,home
L00006748,A00008645,1,2/5/1998,240900,60,4015,C,home
L00006955,A00009627,1,2/5/1998,244368,48,5091,C,home
L00005837,A00004260,1,2/7/1998,244560,60,4076,C,home
L00006698,A00008327,1,2/8/1998,247728,48,5161,C,home
L00006255,A00006158,1,2/9/1998,247920,48,5165,D,home
L00006254,A00006157,1,2/10/1998,247920,48,5165,C,home
L00005310,A00001762,64,2/12/1998,248148,36,6893,A,home
L00005350,A00001967,59,2/13/1998,249312,48,5194,C,home
L00007164,A00010613,1,2/15/1998,249792,48,5204,C,home
L00005060,A00000426,70,2/18/1998,252060,60,4201,D,home
L00005170,A00001071,64,2/24/1998,253200,60,4220,C,home
L00005169,A00001068,64,2/24/1998,253200,60,4220,C,home
L00005606,A00003084,18,2/25/1998,253512,36,7042,D,home
L00005614,A00003137,18,2/28/1998,253560,60,4226,C,home
L00006012,A00004994,1,3/1/1998,258444,36,7179,C,home
L00007104,A00010320,1,3/1/1998,259740,60,4329,A,home
L00007176,A00010663,1,3/7/1998,260028,36,7223,A,home
L00006655,A00008085,1,3/7/1998,260400,60,4340,D,home
L00007122,A00010365,1,3/8/1998,260640,36,7240,D,home
L00005082,A00000501,64,3/11/1998,262980,60,4383,C,home
L00006725,A00008489,1,3/12/1998,265320,36,7370,A,home
L00004988,A00000103,1,3/13/1998,265320,36,7370,D,home
L00006712,A00008405,1,3/15/1998,266220,60,4437,C,home
L00007147,A00010478,1,3/16/1998,267600,48,5575,C,home
L00005556,A00002872,25,3/23/1998,268320,60,4472,C,home
L00007167,A00010644,1,3/30/1998,269964,36,7499,C,home
L00006296,A00006358,1,3/31/1998,270384,48,5633,C,home
L00006244,A00006118,1,4/2/1998,270648,36,7518,B,home
L00005365,A00002055,59,4/11/1998,271260,60,4521,C,home
L00005719,A00003664,1,4/16/1998,271584,48,5658,C,home
L00006851,A00009138,1,4/16/1998,272220,60,4537,D,home
L00006859,A00009167,1,4/17/1998,272220,60,4537,C,home
L00005568,A00002933,18,4/19/1998,272520,60,4542,C,home
L00007240,A00011013,1,4/19/1998,274740,60,4579,A,home
L00005644,A00003293,59,4/19/1998,276084,36,7669,C,home
L00006073,A00005263,1,4/19/1998,276300,60,4605,C,home
L00006232,A00006051,1,4/23/1998,276660,36,7685,B,home
L00005593,A00003037,18,4/23/1998,277884,36,7719,D,home
L00006962,A00009646,1,4/27/1998,279072,48,5814,C,home
L00007295,A00011328,1,4/28/1998,280440,60,4674,C,home
L00005148,A00000940,64,4/28/1998,284280,60,4738,C,home
L00006877,A00009241,1,4/29/1998,285240,60,4754,C,home
L00006153,A00005632,1,5/5/1998,285600,60,4760,C,home
L00006736,A00008558,1,5/7/1998,288360,60,4806,C,home
L00006526,A00007523,1,5/12/1998,288468,36,8013,A,home
L00006435,A00007045,1,5/15/1998,288720,48,6015,C,home
L00006007,A00004949,1,5/17/1998,289920,48,6040,C,home
L00006175,A00005735,1,5/17/1998,290700,60,4845,D,home
L00005354,A00002000,59,5/21/1998,290820,60,4847,C,home
L00005469,A00002445,59,5/21/1998,293160,60,4886,C,home
L00005363,A00002051,59,5/22/1998,293880,60,4898,D,home
L00006350,A00006678,1,5/24/1998,294384,48,6133,C,home
L00005395,A00002176,59,5/27/1998,299088,36,8308,B,home
L00005918,A00004576,1,5/28/1998,300204,36,8339,A,home
L00007001,A00009859,1,5/28/1998,300600,60,5010,C,home
L00006087,A00005313,1,5/29/1998,300660,60,5011,C,home
L00007085,A00010202,1,5/29/1998,305424,48,6363,C,home
L00005758,A00003859,1,5/30/1998,307200,60,5120,D,home
L00005145,A00000915,64,6/1/1998,309552,48,6449,C,home
L00006540,A00007562,1,6/3/1998,309600,48,6450,C,home
L00006695,A00008320,1,6/5/1998,309660,60,5161,C,home
L00007050,A00010065,1,6/6/1998,311232,48,6484,C,home
L00007227,A00010942,1,6/8/1998,314520,60,5242,C,home
L00005435,A00002279,59,6/8/1998,314688,48,6556,C,home
L00005724,A00003678,1,6/10/1998,316140,60,5269,D,home
L00007292,A00011317,1,6/11/1998,317460,60,5291,C,home
L00006028,A00005072,1,6/15/1998,317520,60,5292,C,home
L00004967,A00000037,1,6/16/1998,318480,60,5308,D,home
L00006550,A00007614,1,6/18/1998,320592,48,6679,C,home
L00006063,A00005213,1,6/18/1998,320976,48,6687,D,home
L00005611,A00003115,18,6/21/1998,321180,60,5353,C,home
L00005889,A00004456,1,6/23/1998,321240,60,5354,C,home
L00006235,A00006062,1,6/25/1998,321360,60,5356,C,home
L00006821,A00009037,1,6/27/1998,321936,48,6707,C,home
L00006038,A00005120,1,7/1/1998,323472,48,6739,A,home
L00005865,A00004354,1,7/5/1998,327660,60,5461,C,home
L00007004,A00009869,1,7/8/1998,331560,60,5526,C,home
L00005042,A00000330,70,7/11/1998,331584,48,6908,C,home
L00006705,A00008381,1,7/11/1998,333648,48,6951,D,home
L00005772,A00003906,1,7/12/1998,334620,60,5577,C,home
L00005991,A00004858,1,7/12/1998,335184,48,6983,D,home
L00005532,A00002754,29,7/12/1998,335280,48,6985,C,home
L00007195,A00010774,1,7/12/1998,339168,48,7066,C,home
L00006938,A00009504,1,7/14/1998,341280,60,5688,C,home
L00005418,A00002245,59,7/16/1998,347952,48,7249,C,home
L00007100,A00010280,1,7/18/1998,348120,60,5802,C,home
L00006118,A00005477,1,7/19/1998,349392,48,7279,C,home
L00004989,A00000105,1,7/24/1998,352704,48,7348,C,home
L00005063,A00000442,70,7/27/1998,357840,48,7455,D,home
L00006006,A00004948,1,7/29/1998,359760,60,5996,C,home
L00005494,A00002572,46,8/3/1998,360000,48,7500,C,home
L00006239,A00006083,1,8/15/1998,360864,48,7518,D,home
L00006109,A00005422,1,8/20/1998,368880,60,6148,C,home
L00005041,A00000319,70,8/29/1998,369000,60,6150,C,home
L00006585,A00007795,1,8/30/1998,372120,60,6202,C,home
L00006926,A00009455,1,9/2/1998,374760,60,6246,C,home
L00005563,A00002912,18,9/2/1998,380160,60,6336,C,home
L00005174,A00001093,64,9/9/1998,385104,48,8023,C,home
L00007209,A00010857,1,9/9/1998,385560,60,6426,D,home
L00005318,A00001808,64,9/10/1998,385584,48,8033,C,home
L00005282,A00001583,64,9/12/1998,388512,48,8094,D,home
L00005236,A00001374,64,9/15/1998,389136,48,8107,C,home
L00005589,A00003005,18,9/18/1998,390000,48,8125,C,home
L00006554,A00007637,1,9/21/1998,390096,48,8127,C,home
L00006338,A00006592,1,9/22/1998,390660,60,6511,C,home
L00007271,A00011186,1,9/22/1998,392460,60,6541,C,home
L00005329,A00001862,64,9/24/1998,396120,60,6602,C,home
L00006272,A00006226,1,9/27/1998,398640,60,6644,C,home
L00006055,A00005181,1,9/30/1998,399120,60,6652,C,home
L00005938,A00004650,1,10/5/1998,402000,60,6700,C,home
L00005830,A00004190,1,10/5/1998,405780,60,6763,C,home
L00006237,A00006075,1,10/6/1998,407952,48,8499,D,home
L00005419,A00002246,59,10/7/1998,415800,60,6930,C,home
L00006704,A00008377,1,10/8/1998,417060,60,6951,C,home
L00007154,A00010520,1,10/11/1998,417600,60,6960,C,home
L00007304,A00011349,1,10/12/1998,419880,60,6998,C,home
L00007101,A00010297,1,10/14/1998,421008,48,8771,C,home
L00005491,A00002545,46,10/29/1998,428784,48,8933,C,home
L00005561,A00002910,18,10/30/1998,437460,60,7291,C,home
L00005725,A00003679,1,11/4/1998,444864,48,9268,C,home
L00005731,A00003711,1,11/8/1998,460980,60,7683,D,home
L00006228,A00006034,1,11/10/1998,464520,60,7742,B,home
L00005970,A00004774,1,11/17/1998,465072,48,9689,C,home
L00005976,A00004794,1,11/21/1998,465504,48,9698,D,home
L00005486,A00002516,46,11/22/1998,466608,48,9721,C,home
L00005043,A00000339,70,11/25/1998,468060,60,7801,C,home
L00006625,A00007966,1,11/27/1998,473280,60,7888,D,home
L00006415,A00006950,1,12/1/1998,475680,48,9910,C,home
L00007142,A00010451,1,12/2/1998,482940,60,8049,D,home
L00006436,A00007049,1,12/2/1998,495180,60,8253,C,home
L00005569,A00002936,18,12/5/1998,504000,60,8400,C,home
L00005132,A00000817,64,12/5/1998,538500,60,8975,C,home
L00005447,A00002335,59,12/6/1998,541200,60,9020,D,home
L00006791,A00008926,1,12/6/1998,566640,60,9444,C,home
L00006534,A00007542,1,12/8/1998,590820,60,9847,C,home
